,WIN
0,Home
1,Home
2,Home
3,Home
4,Home
5,Home
6,Home
7,Home
8,Home
9,Home
10,Home
11,Away
12,Away
13,Home
14,Away
15,Away
16,Away
17,Away
18,Away
19,Home
20,Home
21,Home
22,Home
23,Home
24,Home
25,Away
26,Away
27,Away
28,Home
29,Home
30,Home
31,Draw
32,Away
33,Home
34,Away
35,Away
36,Away
37,Away
38,Draw
39,Draw
40,Away
41,Away
42,Away
43,Away
44,Away
45,Away
46,Home
47,Home
48,Home
49,Home
50,Home
51,Home
52,Home
53,Home
54,Home
55,Home
56,Away
57,Away
58,Away
59,Away
60,Away
61,Home
62,Home
63,Home
64,Away
65,Away
66,Away
67,Away
68,Draw
69,Home
70,Home
71,Home
72,Home
73,Home
74,Home
75,Home
76,Draw
77,Draw
78,Draw
79,Home
80,Away
81,Draw
82,Home
83,Draw
84,Draw
85,Draw
86,Draw
87,Home
88,Home
89,Home
90,Home
91,Home
92,Away
93,Away
94,Away
95,Away
96,Away
97,Away
98,Away
99,Home
100,Home
101,Home
102,Home
103,Home
104,Draw
105,Draw
106,Home
107,Home
108,Draw
109,Draw
110,Away
111,Away
112,Away
113,Away
114,Away
115,Home
116,Home
117,Home
118,Home
119,Home
120,Home
121,Draw
122,Away
123,Draw
124,Draw
125,Away
126,Away
127,Away
128,Away
129,Away
130,Away
131,Away
132,Away
133,Home
134,Home
135,Home
136,Home
137,Home
138,Home
139,Home
140,Away
141,Away
142,Away
143,Away
144,Away
145,Home
146,Away
147,Draw
148,Home
149,Draw
150,Draw
151,Away
152,Draw
153,Home
154,Home
155,Home
156,Home
157,Home
158,Home
159,Away
160,Home
161,Home
162,Home
163,Home
164,Home
165,Away
166,Draw
167,Home
168,Home
169,Home
170,Home
171,Home
172,Home
173,Away
174,Away
175,Away
176,Draw
177,Away
178,Away
179,Away
180,Away
181,Away
182,Home
183,Home
184,Home
185,Home
186,Home
187,Away
188,Home
189,Home
190,Home
191,Home
192,Home
193,Home
194,Draw
195,Away
196,Away
197,Away
198,Draw
199,Home
200,Home
201,Home
202,Home
203,Home
204,Draw
205,Away
206,Draw
207,Draw
208,Draw
209,Draw
210,Draw
211,Draw
212,Home
213,Home
214,Home
215,Home
216,Draw
217,Away
218,Away
219,Home
220,Home
221,Home
222,Home
223,Home
224,Home
225,Draw
226,Draw
227,Home
228,Home
229,Home
230,Away
231,Away
232,Away
233,Away
234,Away
235,Away
236,Home
237,Away
238,Home
239,Home
240,Home
241,Draw
242,Draw
243,Draw
244,Draw
245,Away
246,Away
247,Away
248,Away
249,Away
250,Away
251,Away
252,Away
253,Draw
254,Draw
255,Home
256,Home
257,Home
258,Away
259,Away
260,Away
261,Away
262,Away
263,Away
264,Away
265,Away
266,Home
267,Draw
268,Draw
269,Draw
270,Draw
271,Draw
272,Home
273,Home
274,Away
275,Home
276,Home
277,Draw
278,Draw
279,Draw
280,Draw
281,Away
282,Away
283,Away
284,Away
285,Away
286,Away
287,Away
288,Away
289,Away
290,Home
291,Home
292,Home
293,Home
294,Home
295,Away
296,Draw
297,Home
298,Away
299,Away
300,Away
301,Away
302,Home
303,Home
304,Draw
305,Home
306,Away
307,Away
308,Away
309,Away
310,Away
311,Away
312,Away
313,Draw
314,Away
315,Away
316,Away
317,Home
318,Home
319,Home
320,Home
321,Home
322,Home
323,Home
324,Home
325,Home
326,Home
327,Away
328,Home
329,Draw
330,Home
331,Home
332,Home
333,Home
334,Home
335,Home
336,Home
337,Draw
338,Away
339,Draw
340,Home
341,Draw
342,Home
343,Home
344,Home
345,Home
346,Home
347,Draw
348,Away
349,Away
350,Away
351,Away
352,Away
353,Away
354,Away
355,Away
356,Home
357,Home
358,Home
359,Home
360,Home
361,Draw
362,Away
363,Home
364,Home
365,Home
366,Home
367,Home
368,Home
369,Draw
370,Draw
371,Away
372,Away
373,Away
374,Home
375,Home
376,Home
377,Home
378,Home
379,Home
380,Home
381,Home
382,Home
383,Draw
384,Draw
385,Home
386,Home
387,Home
388,Home
389,Home
390,Home
391,Away
392,Away
393,Home
394,Draw
395,Draw
396,Draw
397,Draw
398,Home
399,Home
400,Home
401,Home
402,Home
403,Home
404,Home
405,Home
406,Home
407,Home
408,Draw
409,Draw
410,Away
411,Away
412,Away
413,Away
414,Away
415,Home
416,Home
417,Home
418,Home
419,Home
420,Away
421,Away
422,Away
423,Away
424,Home
425,Home
426,Away
427,Away
428,Away
429,Away
430,Away
431,Away
432,Away
433,Away
434,Home
435,Away
436,Away
437,Home
438,Home
439,Home
440,Draw
441,Home
442,Home
443,Draw
444,Home
445,Draw
446,Away
447,Away
448,Away
449,Away
450,Home
451,Home
452,Home
453,Home
454,Home
455,Home
456,Home
457,Home
458,Away
459,Home
460,Home
461,Home
462,Draw
463,Draw
464,Away
465,Away
466,Home
467,Home
468,Home
469,Home
470,Draw
471,Draw
472,Home
473,Home
474,Home
475,Draw
476,Home
477,Home
478,Home
479,Home
480,Home
481,Home
482,Home
483,Home
484,Draw
485,Home
486,Home
487,Home
488,Home
489,Home
490,Home
491,Home
492,Away
493,Home
494,Home
495,Away
496,Home
497,Home
498,Home
499,Away
500,Away
501,Away
502,Home
503,Away
504,Home
505,Home
506,Home
507,Home
508,Home
509,Away
510,Away
511,Away
512,Away
513,Away
514,Away
515,Away
516,Home
517,Home
518,Away
519,Away
520,Home
521,Home
522,Home
523,Away
524,Home
525,Home
526,Away
527,Away
528,Draw
529,Home
530,Home
531,Home
532,Away
533,Away
534,Away
535,Away
536,Away
537,Home
538,Home
539,Home
540,Home
541,Home
542,Home
543,Home
544,Draw
545,Home
546,Home
547,Home
548,Home
549,Home
550,Home
551,Home
552,Away
553,Home
554,Home
555,Home
556,Home
557,Home
558,Home
559,Home
560,Home
561,Home
562,Home
563,Home
564,Home
565,Home
566,Home
567,Home
568,Home
569,Home
570,Away
571,Draw
572,Home
573,Home
574,Draw
575,Draw
576,Draw
577,Draw
578,Home
579,Home
580,Home
581,Home
582,Home
583,Home
584,Home
585,Home
586,Home
587,Home
588,Home
589,Home
590,Home
591,Home
592,Draw
593,Away
594,Away
595,Draw
596,Away
597,Away
598,Draw
599,Away
600,Draw
601,Draw
602,Draw
603,Home
604,Home
605,Home
606,Home
607,Home
608,Away
609,Away
610,Away
611,Away
612,Away
613,Draw
614,Draw
615,Draw
616,Home
617,Home
618,Home
619,Draw
620,Draw
621,Draw
622,Draw
623,Away
624,Away
625,Away
626,Home
627,Home
628,Home
629,Away
630,Away
631,Home
632,Home
633,Home
634,Home
635,Draw
636,Draw
637,Home
638,Home
639,Home
640,Home
641,Home
642,Draw
643,Draw
644,Home
645,Home
646,Home
647,Draw
648,Home
649,Home
650,Away
651,Away
652,Home
653,Away
654,Home
655,Home
656,Draw
657,Home
658,Home
659,Home
660,Home
661,Home
662,Home
663,Away
664,Draw
665,Draw
666,Home
667,Home
668,Home
669,Draw
670,Home
671,Home
672,Home
673,Draw
674,Home
675,Home
676,Home
677,Home
678,Home
679,Home
680,Home
681,Home
682,Draw
683,Home
684,Home
685,Home
686,Home
687,Home
688,Home
689,Home
690,Draw
691,Away
692,Home
693,Home
694,Home
695,Home
696,Home
697,Home
698,Home
699,Home
700,Home
701,Home
702,Home
703,Home
704,Home
705,Home
706,Home
707,Home
708,Home
709,Home
710,Home
711,Home
712,Home
713,Home
714,Away
715,Home
716,Home
717,Home
718,Home
719,Home
720,Home
721,Home
722,Home
723,Home
724,Home
725,Home
726,Home
727,Home
728,Home
729,Home
730,Home
731,Home
732,Home
733,Home
734,Draw
735,Draw
736,Away
737,Away
738,Away
739,Away
740,Away
741,Away
742,Away
743,Away
744,Home
745,Home
746,Home
747,Home
748,Home
749,Home
750,Home
751,Away
752,Away
753,Away
754,Draw
755,Draw
756,Draw
757,Away
758,Draw
759,Away
760,Away
761,Away
762,Draw
763,Draw
764,Home
765,Home
766,Draw
767,Draw
768,Away
769,Home
770,Home
771,Home
772,Draw
773,Home
774,Home
775,Draw
776,Draw
777,Draw
778,Home
779,Draw
780,Home
781,Home
782,Home
783,Home
784,Draw
785,Draw
786,Away
787,Away
788,Away
789,Away
790,Home
791,Home
792,Home
793,Home
794,Home
795,Away
796,Away
797,Home
798,Home
799,Home
800,Home
801,Home
802,Home
803,Home
804,Home
805,Draw
806,Draw
807,Home
808,Draw
809,Home
810,Home
811,Draw
812,Draw
813,Draw
814,Draw
815,Home
816,Draw
817,Home
818,Home
819,Home
820,Home
821,Home
822,Home
823,Home
824,Home
825,Home
826,Draw
827,Draw
828,Draw
829,Draw
830,Home
831,Home
832,Home
833,Home
834,Home
835,Home
836,Home
837,Draw
838,Draw
839,Home
840,Home
841,Home
842,Draw
843,Home
844,Draw
845,Draw
846,Draw
847,Draw
848,Draw
849,Away
850,Home
851,Home
852,Home
853,Home
854,Draw
855,Draw
856,Draw
857,Draw
858,Away
859,Home
860,Home
861,Draw
862,Home
863,Home
864,Draw
865,Draw
866,Draw
867,Away
868,Away
869,Away
870,Away
871,Home
872,Draw
873,Away
874,Draw
875,Away
876,Away
877,Away
878,Home
879,Home
880,Home
881,Home
882,Home
883,Home
884,Home
885,Home
886,Home
887,Draw
888,Home
889,Home
890,Away
891,Home
892,Home
893,Draw
894,Home
895,Home
896,Draw
897,Away
898,Draw
899,Draw
900,Draw
901,Draw
902,Draw
903,Home
904,Away
905,Home
906,Home
907,Home
908,Home
909,Home
910,Away
911,Away
912,Away
913,Away
914,Away
915,Home
916,Home
917,Home
918,Home
919,Home
920,Draw
921,Draw
922,Draw
923,Draw
924,Draw
925,Draw
926,Draw
927,Away
928,Away
929,Away
930,Away
931,Home
932,Home
933,Home
934,Home
935,Home
936,Home
937,Away
938,Draw
939,Draw
940,Draw
941,Home
942,Draw
943,Draw
944,Home
945,Home
946,Home
947,Home
948,Draw
949,Draw
950,Home
951,Home
952,Home
953,Draw
954,Draw
955,Draw
956,Draw
957,Draw
958,Draw
959,Home
960,Away
961,Away
962,Draw
963,Home
964,Draw
965,Home
966,Home
967,Home
968,Home
969,Home
970,Home
971,Home
972,Home
973,Home
974,Home
975,Home
976,Home
977,Draw
978,Away
979,Away
980,Home
981,Home
982,Draw
983,Away
984,Home
985,Home
986,Draw
987,Draw
988,Draw
989,Away
990,Away
991,Away
992,Away
993,Away
994,Away
995,Away
996,Away
997,Away
998,Away
999,Away
1000,Draw
1001,Away
1002,Away
1003,Away
1004,Home
1005,Away
1006,Away
1007,Home
1008,Home
1009,Home
1010,Home
1011,Home
1012,Home
1013,Home
1014,Home
1015,Home
1016,Home
1017,Home
1018,Home
1019,Home
1020,Home
1021,Draw
1022,Away
1023,Away
1024,Away
1025,Home
1026,Home
1027,Home
1028,Home
1029,Draw
1030,Draw
1031,Draw
1032,Draw
1033,Draw
1034,Away
1035,Away
1036,Away
1037,Away
1038,Home
1039,Draw
1040,Draw
1041,Draw
1042,Home
1043,Home
1044,Home
1045,Home
1046,Home
1047,Home
1048,Home
1049,Home
1050,Home
1051,Home
1052,Home
1053,Home
1054,Home
1055,Home
1056,Home
1057,Home
1058,Home
1059,Away
1060,Away
1061,Home
1062,Home
1063,Home
1064,Draw
1065,Draw
1066,Draw
1067,Home
1068,Home
1069,Home
1070,Home
1071,Home
1072,Home
1073,Home
1074,Away
1075,Away
1076,Away
1077,Away
1078,Draw
1079,Draw
1080,Home
1081,Home
1082,Home
1083,Home
1084,Home
1085,Home
1086,Home
1087,Away
1088,Home
1089,Away
1090,Home
1091,Home
1092,Home
1093,Home
1094,Home
1095,Away
1096,Away
1097,Away
1098,Away
1099,Away
1100,Draw
1101,Draw
1102,Home
1103,Away
1104,Away
1105,Away
1106,Away
1107,Away
1108,Home
1109,Home
1110,Home
1111,Draw
1112,Home
1113,Home
1114,Home
1115,Home
1116,Home
1117,Home
1118,Home
1119,Home
1120,Home
1121,Home
1122,Away
1123,Away
1124,Away
1125,Home
1126,Draw
1127,Draw
1128,Home
1129,Home
1130,Home
1131,Home
1132,Home
1133,Draw
1134,Home
1135,Home
1136,Home
1137,Draw
1138,Draw
1139,Away
1140,Home
1141,Home
1142,Home
1143,Home
1144,Home
1145,Home
1146,Home
1147,Home
1148,Home
1149,Home
1150,Home
1151,Home
1152,Home
1153,Home
1154,Home
1155,Home
1156,Home
1157,Home
1158,Home
1159,Home
1160,Home
1161,Home
1162,Home
1163,Home
1164,Home
1165,Home
1166,Home
1167,Home
1168,Home
1169,Draw
1170,Draw
1171,Away
1172,Away
1173,Away
1174,Away
1175,Away
1176,Away
1177,Away
1178,Draw
1179,Draw
1180,Away
1181,Away
1182,Away
1183,Away
1184,Away
1185,Away
1186,Away
1187,Away
1188,Away
1189,Away
1190,Away
1191,Home
1192,Away
1193,Away
1194,Home
1195,Home
1196,Home
1197,Home
1198,Draw
1199,Home
1200,Home
1201,Home
1202,Away
1203,Away
1204,Away
1205,Away
1206,Home
1207,Home
1208,Home
1209,Home
1210,Home
1211,Home
1212,Home
1213,Home
1214,Home
1215,Home
1216,Away
1217,Away
1218,Away
1219,Away
1220,Away
1221,Draw
1222,Draw
1223,Home
1224,Home
1225,Home
1226,Home
1227,Home
1228,Home
1229,Home
1230,Home
1231,Draw
1232,Draw
1233,Draw
1234,Draw
1235,Home
1236,Draw
1237,Draw
1238,Away
1239,Away
1240,Away
1241,Away
1242,Away
1243,Away
1244,Away
1245,Home
1246,Away
1247,Away
1248,Home
1249,Home
1250,Home
1251,Draw
1252,Away
1253,Away
1254,Away
1255,Away
1256,Draw
1257,Draw
1258,Home
1259,Home
1260,Home
1261,Draw
1262,Home
1263,Draw
1264,Draw
1265,Home
1266,Home
1267,Home
1268,Home
1269,Away
1270,Away
1271,Away
1272,Away
1273,Away
1274,Away
1275,Home
1276,Home
1277,Away
1278,Away
1279,Away
1280,Away
1281,Away
1282,Away
1283,Home
1284,Home
1285,Home
1286,Away
1287,Home
1288,Draw
1289,Away
1290,Away
1291,Away
1292,Away
1293,Away
1294,Away
1295,Away
1296,Away
1297,Draw
1298,Draw
1299,Away
1300,Away
1301,Away
1302,Away
1303,Draw
1304,Home
1305,Home
1306,Away
1307,Home
1308,Home
1309,Home
1310,Home
1311,Home
1312,Home
1313,Draw
1314,Away
1315,Away
1316,Away
1317,Away
1318,Away
1319,Home
1320,Home
1321,Home
1322,Home
1323,Home
1324,Home
1325,Home
1326,Away
1327,Away
1328,Away
1329,Away
1330,Draw
1331,Home
1332,Draw
1333,Away
1334,Away
1335,Away
1336,Away
1337,Away
1338,Draw
1339,Draw
1340,Draw
1341,Draw
1342,Draw
1343,Draw
1344,Home
1345,Home
1346,Home
1347,Home
1348,Home
1349,Home
1350,Home
1351,Home
1352,Home
1353,Draw
1354,Draw
1355,Draw
1356,Away
1357,Home
1358,Away
1359,Away
1360,Away
1361,Home
1362,Draw
1363,Home
1364,Home
1365,Home
1366,Home
1367,Home
1368,Away
1369,Away
1370,Away
1371,Away
1372,Away
1373,Away
1374,Away
1375,Away
1376,Home
1377,Draw
1378,Away
1379,Draw
1380,Draw
1381,Away
1382,Away
1383,Away
1384,Draw
1385,Draw
1386,Home
1387,Home
1388,Home
1389,Home
1390,Home
1391,Home
1392,Home
1393,Home
1394,Away
1395,Away
1396,Away
1397,Away
1398,Away
1399,Away
1400,Home
1401,Home
1402,Away
1403,Away
1404,Home
1405,Home
1406,Home
1407,Home
1408,Home
1409,Home
1410,Home
1411,Home
1412,Away
1413,Draw
1414,Away
1415,Away
1416,Away
1417,Away
1418,Away
1419,Home
1420,Away
1421,Draw
1422,Away
1423,Away
1424,Home
1425,Draw
1426,Draw
1427,Draw
1428,Draw
1429,Away
1430,Draw
1431,Away
1432,Away
1433,Draw
1434,Draw
1435,Draw
1436,Away
1437,Away
1438,Away
1439,Away
1440,Away
1441,Away
1442,Away
1443,Away
1444,Home
1445,Home
1446,Home
1447,Home
1448,Home
1449,Draw
1450,Draw
1451,Away
1452,Away
1453,Away
1454,Away
1455,Home
1456,Home
1457,Home
1458,Home
1459,Home
1460,Draw
1461,Home
1462,Draw
1463,Draw
1464,Draw
1465,Draw
1466,Home
1467,Home
1468,Home
1469,Home
1470,Home
1471,Home
1472,Away
1473,Away
1474,Away
1475,Away
1476,Away
1477,Away
1478,Home
1479,Away
1480,Away
1481,Draw
1482,Draw
1483,Home
1484,Home
1485,Away
1486,Home
1487,Draw
1488,Draw
1489,Away
1490,Away
1491,Away
1492,Away
1493,Draw
1494,Home
1495,Home
1496,Draw
1497,Draw
1498,Home
1499,Home
1500,Home
1501,Draw
1502,Draw
1503,Home
1504,Home
1505,Draw
1506,Draw
1507,Draw
1508,Draw
1509,Home
1510,Home
1511,Home
1512,Home
1513,Home
1514,Home
1515,Home
1516,Home
1517,Draw
1518,Draw
1519,Draw
1520,Home
1521,Home
1522,Away
1523,Home
1524,Home
1525,Draw
1526,Home
1527,Home
1528,Home
1529,Home
1530,Home
1531,Home
1532,Home
1533,Home
1534,Home
1535,Draw
1536,Away
1537,Away
1538,Away
1539,Away
1540,Away
1541,Away
1542,Home
1543,Home
1544,Home
1545,Home
1546,Draw
1547,Draw
1548,Away
1549,Away
1550,Away
1551,Away
1552,Home
1553,Home
1554,Home
1555,Home
1556,Home
1557,Home
1558,Home
1559,Home
1560,Home
1561,Home
1562,Home
1563,Home
1564,Draw
1565,Away
1566,Away
1567,Away
1568,Away
1569,Away
1570,Away
1571,Away
1572,Away
1573,Home
1574,Away
1575,Home
1576,Away
1577,Home
1578,Home
1579,Draw
1580,Draw
1581,Draw
1582,Home
1583,Home
1584,Away
1585,Away
1586,Away
1587,Draw
1588,Draw
1589,Away
1590,Away
1591,Home
1592,Away
1593,Home
1594,Away
1595,Away
1596,Away
1597,Away
1598,Away
1599,Draw
1600,Away
1601,Away
1602,Away
1603,Home
1604,Home
1605,Home
1606,Draw
1607,Draw
1608,Home
1609,Home
1610,Home
1611,Home
1612,Home
1613,Home
1614,Home
1615,Draw
1616,Away
1617,Away
1618,Draw
1619,Home
1620,Home
1621,Home
1622,Home
1623,Draw
1624,Away
1625,Away
1626,Away
1627,Away
1628,Draw
1629,Draw
1630,Away
1631,Away
1632,Draw
1633,Home
1634,Home
1635,Draw
1636,Away
1637,Away
1638,Away
1639,Away
1640,Draw
1641,Away
1642,Away
1643,Away
1644,Away
1645,Away
1646,Away
1647,Home
1648,Home
1649,Home
1650,Home
1651,Home
1652,Home
1653,Home
1654,Home
1655,Home
1656,Away
1657,Away
1658,Away
1659,Away
1660,Away
1661,Away
1662,Away
1663,Away
1664,Away
1665,Away
1666,Away
1667,Away
1668,Away
1669,Away
1670,Away
1671,Home
1672,Home
1673,Home
1674,Draw
1675,Home
1676,Home
1677,Draw
1678,Draw
1679,Home
1680,Home
1681,Home
1682,Home
1683,Home
1684,Home
1685,Home
1686,Away
1687,Home
1688,Home
1689,Home
1690,Away
1691,Away
1692,Away
1693,Away
1694,Away
1695,Away
1696,Away
1697,Home
1698,Home
1699,Home
1700,Home
1701,Home
1702,Draw
1703,Home
1704,Away
1705,Home
1706,Home
1707,Home
1708,Home
1709,Home
1710,Home
1711,Home
1712,Home
1713,Home
1714,Home
1715,Home
1716,Home
1717,Draw
1718,Home
1719,Draw
1720,Away
1721,Away
1722,Away
1723,Away
1724,Away
1725,Away
1726,Away
1727,Away
1728,Away
1729,Away
1730,Home
1731,Home
1732,Home
1733,Home
1734,Home
1735,Away
1736,Draw
1737,Draw
1738,Away
1739,Home
1740,Draw
1741,Draw
1742,Draw
1743,Away
1744,Draw
1745,Home
1746,Home
1747,Home
1748,Home
1749,Home
1750,Home
1751,Home
1752,Home
1753,Home
1754,Home
1755,Home
1756,Home
1757,Home
1758,Home
1759,Home
1760,Home
1761,Home
1762,Home
1763,Home
1764,Home
1765,Home
1766,Home
1767,Home
1768,Home
1769,Draw
1770,Draw
1771,Home
1772,Home
1773,Home
1774,Home
1775,Home
1776,Away
1777,Away
1778,Away
1779,Away
1780,Away
1781,Draw
1782,Home
1783,Away
1784,Away
1785,Away
1786,Away
1787,Home
1788,Draw
1789,Draw
1790,Away
1791,Home
1792,Away
1793,Away
1794,Draw
1795,Away
1796,Away
1797,Away
1798,Away
1799,Away
1800,Away
1801,Away
1802,Draw
1803,Home
1804,Home
1805,Home
1806,Away
1807,Home
1808,Away
1809,Home
1810,Away
1811,Away
1812,Home
1813,Home
1814,Away
1815,Draw
1816,Away
1817,Draw
1818,Home
1819,Home
1820,Draw
1821,Draw
1822,Home
1823,Home
1824,Home
1825,Home
1826,Home
1827,Away
1828,Draw
1829,Home
1830,Home
1831,Home
1832,Home
1833,Home
1834,Home
1835,Home
1836,Away
1837,Away
1838,Away
1839,Draw
1840,Draw
1841,Home
1842,Home
1843,Home
1844,Home
1845,Draw
1846,Draw
1847,Home
1848,Home
1849,Away
1850,Away
1851,Away
1852,Away
1853,Away
1854,Home
1855,Draw
1856,Draw
1857,Draw
1858,Home
1859,Away
1860,Away
1861,Away
1862,Away
1863,Away
1864,Home
1865,Home
1866,Home
1867,Home
1868,Draw
1869,Home
1870,Home
1871,Home
1872,Home
1873,Home
1874,Home
1875,Home
1876,Home
1877,Home
1878,Home
1879,Away
1880,Away
1881,Away
1882,Draw
1883,Away
1884,Home
1885,Home
1886,Home
1887,Home
1888,Draw
1889,Home
1890,Home
1891,Away
1892,Draw
1893,Draw
1894,Draw
1895,Draw
1896,Home
1897,Away
1898,Away
1899,Away
1900,Away
1901,Away
1902,Draw
1903,Home
1904,Home
1905,Home
1906,Home
1907,Home
1908,Home
1909,Home
1910,Home
1911,Home
1912,Draw
1913,Home
1914,Home
1915,Home
1916,Home
1917,Home
1918,Away
1919,Away
1920,Away
1921,Home
1922,Draw
1923,Draw
1924,Draw
1925,Home
1926,Draw
1927,Draw
1928,Draw
1929,Home
1930,Home
1931,Home
1932,Home
1933,Away
1934,Home
1935,Home
1936,Away
1937,Away
1938,Away
1939,Home
1940,Draw
1941,Away
1942,Draw
1943,Home
1944,Home
1945,Draw
1946,Home
1947,Home
1948,Home
1949,Home
1950,Away
1951,Away
1952,Away
1953,Away
1954,Home
1955,Home
1956,Home
1957,Home
1958,Home
1959,Home
1960,Home
1961,Home
1962,Away
1963,Home
1964,Home
1965,Home
1966,Draw
1967,Draw
1968,Draw
1969,Away
1970,Home
1971,Away
1972,Draw
1973,Draw
1974,Away
1975,Away
1976,Home
1977,Home
1978,Draw
1979,Draw
1980,Draw
1981,Home
1982,Home
1983,Home
1984,Home
1985,Home
1986,Home
1987,Home
1988,Away
1989,Away
1990,Away
1991,Home
1992,Home
1993,Away
1994,Away
1995,Draw
1996,Home
1997,Home
1998,Home
1999,Home
2000,Home
2001,Home
2002,Draw
2003,Away
2004,Draw
2005,Away
2006,Home
2007,Home
2008,Away
2009,Away
2010,Draw
2011,Draw
2012,Draw
2013,Away
2014,Away
2015,Away
2016,Home
2017,Draw
2018,Draw
2019,Draw
2020,Home
2021,Home
2022,Home
2023,Home
2024,Home
2025,Home
2026,Home
2027,Home
2028,Home
2029,Home
2030,Home
2031,Home
2032,Draw
2033,Home
2034,Draw
2035,Draw
2036,Draw
2037,Draw
2038,Draw
2039,Home
2040,Home
2041,Away
2042,Away
2043,Away
2044,Home
2045,Home
2046,Home
2047,Home
2048,Home
2049,Home
2050,Home
2051,Home
2052,Home
2053,Home
2054,Home
2055,Home
2056,Home
2057,Home
2058,Home
2059,Away
2060,Away
2061,Away
2062,Away
2063,Away
2064,Away
2065,Away
2066,Away
2067,Away
2068,Away
2069,Away
2070,Away
2071,Draw
2072,Away
2073,Away
2074,Away
2075,Away
2076,Draw
2077,Away
2078,Away
2079,Away
2080,Away
2081,Away
2082,Away
2083,Away
2084,Away
2085,Away
2086,Away
2087,Away
2088,Away
2089,Away
2090,Away
2091,Away
2092,Away
2093,Home
2094,Home
2095,Home
2096,Home
2097,Home
2098,Home
2099,Home
2100,Home
2101,Home
2102,Home
2103,Home
2104,Home
2105,Home
2106,Home
2107,Home
2108,Home
2109,Home
2110,Away
2111,Draw
2112,Away
2113,Away
2114,Draw
2115,Away
2116,Away
2117,Away
2118,Away
2119,Home
2120,Home
2121,Home
2122,Home
2123,Away
2124,Away
2125,Away
2126,Away
2127,Draw
2128,Draw
2129,Away
2130,Draw
2131,Home
2132,Home
2133,Home
2134,Home
2135,Home
2136,Home
2137,Home
2138,Away
2139,Draw
2140,Away
2141,Away
2142,Away
2143,Away
2144,Home
2145,Home
2146,Draw
2147,Home
2148,Draw
2149,Draw
2150,Away
2151,Home
2152,Home
2153,Home
2154,Away
2155,Away
2156,Away
2157,Home
2158,Draw
2159,Draw
2160,Draw
2161,Home
2162,Home
2163,Home
2164,Home
2165,Home
2166,Home
2167,Home
2168,Home
2169,Home
2170,Away
2171,Home
2172,Home
2173,Draw
2174,Draw
2175,Home
2176,Home
2177,Draw
2178,Away
2179,Away
2180,Away
2181,Away
2182,Away
2183,Home
2184,Home
2185,Home
2186,Home
2187,Away
2188,Away
2189,Away
2190,Away
2191,Away
2192,Home
2193,Home
2194,Home
2195,Draw
2196,Home
2197,Away
2198,Away
2199,Home
2200,Away
2201,Draw
2202,Home
2203,Home
2204,Draw
2205,Away
2206,Draw
2207,Away
2208,Draw
2209,Home
2210,Home
2211,Home
2212,Draw
2213,Home
2214,Draw
2215,Draw
2216,Away
2217,Away
2218,Away
2219,Away
2220,Away
2221,Away
2222,Away
2223,Away
2224,Away
2225,Away
2226,Home
2227,Home
2228,Away
2229,Away
2230,Away
2231,Away
2232,Away
2233,Draw
2234,Away
2235,Away
2236,Away
2237,Away
2238,Home
2239,Home
2240,Home
2241,Home
2242,Home
2243,Draw
2244,Away
2245,Away
2246,Away
2247,Away
2248,Home
2249,Home
2250,Home
2251,Home
2252,Away
2253,Away
2254,Draw
2255,Home
2256,Home
2257,Home
2258,Home
2259,Home
2260,Home
2261,Draw
2262,Home
2263,Home
2264,Home
2265,Home
2266,Home
2267,Home
2268,Draw
2269,Home
2270,Home
2271,Home
2272,Home
2273,Home
2274,Home
2275,Home
2276,Home
2277,Home
2278,Away
2279,Draw
2280,Draw
2281,Away
2282,Away
2283,Away
2284,Away
2285,Away
2286,Away
2287,Away
2288,Away
2289,Away
2290,Home
2291,Home
2292,Home
2293,Home
2294,Home
2295,Away
2296,Draw
2297,Draw
2298,Away
2299,Away
2300,Away
2301,Away
2302,Away
2303,Away
2304,Away
2305,Home
2306,Draw
2307,Draw
2308,Draw
2309,Draw
2310,Away
2311,Away
2312,Draw
2313,Home
2314,Draw
2315,Away
2316,Away
2317,Away
2318,Home
2319,Draw
2320,Home
2321,Home
2322,Home
2323,Draw
2324,Draw
2325,Home
2326,Home
2327,Home
2328,Home
2329,Away
2330,Away
2331,Draw
2332,Away
2333,Away
2334,Home
2335,Draw
2336,Draw
2337,Away
2338,Away
2339,Away
2340,Draw
2341,Home
2342,Home
2343,Home
2344,Home
2345,Home
2346,Home
2347,Home
2348,Home
2349,Home
2350,Home
2351,Home
2352,Home
2353,Away
2354,Away
2355,Away
2356,Away
2357,Away
2358,Away
2359,Away
2360,Away
2361,Away
2362,Away
2363,Away
2364,Away
2365,Away
2366,Away
2367,Away
2368,Away
2369,Away
2370,Away
2371,Away
2372,Away
2373,Home
2374,Draw
2375,Draw
2376,Draw
2377,Away
2378,Draw
2379,Draw
2380,Home
2381,Home
2382,Home
2383,Home
2384,Home
2385,Home
2386,Home
2387,Home
2388,Home
2389,Home
2390,Home
2391,Home
2392,Home
2393,Home
2394,Home
2395,Home
2396,Home
2397,Home
2398,Home
2399,Home
2400,Home
2401,Home
2402,Home
2403,Draw
2404,Draw
2405,Away
2406,Home
2407,Home
2408,Home
2409,Draw
2410,Draw
2411,Home
2412,Home
2413,Home
2414,Draw
2415,Draw
2416,Away
2417,Home
2418,Home
2419,Home
2420,Home
2421,Draw
2422,Draw
2423,Draw
2424,Draw
2425,Draw
2426,Away
2427,Away
2428,Away
2429,Away
2430,Away
2431,Home
2432,Home
2433,Home
2434,Draw
2435,Draw
2436,Draw
2437,Home
2438,Away
2439,Home
2440,Draw
2441,Away
2442,Away
2443,Away
2444,Away
2445,Away
2446,Away
2447,Draw
2448,Home
2449,Home
2450,Home
2451,Draw
2452,Away
2453,Away
2454,Away
2455,Draw
2456,Home
2457,Home
2458,Home
2459,Home
2460,Home
2461,Home
2462,Home
2463,Home
2464,Home
2465,Home
2466,Draw
2467,Draw
2468,Away
2469,Away
2470,Away
2471,Away
2472,Away
2473,Away
2474,Home
2475,Home
2476,Home
2477,Home
2478,Home
2479,Home
2480,Home
2481,Home
2482,Home
2483,Home
2484,Home
2485,Home
2486,Home
2487,Home
2488,Home
2489,Home
2490,Home
2491,Draw
2492,Draw
2493,Draw
2494,Draw
2495,Away
2496,Draw
2497,Draw
2498,Draw
2499,Draw
2500,Away
2501,Draw
2502,Draw
2503,Home
2504,Home
2505,Home
2506,Home
2507,Home
2508,Home
2509,Home
2510,Home
2511,Home
2512,Away
2513,Away
2514,Away
2515,Away
2516,Away
2517,Away
2518,Away
2519,Away
2520,Home
2521,Home
2522,Home
2523,Home
2524,Home
2525,Home
2526,Home
2527,Home
2528,Home
2529,Away
2530,Away
2531,Away
2532,Away
2533,Away
2534,Away
2535,Away
2536,Draw
2537,Home
2538,Away
2539,Away
2540,Draw
2541,Draw
2542,Draw
2543,Draw
2544,Draw
2545,Draw
2546,Away
2547,Away
2548,Draw
2549,Draw
2550,Draw
2551,Draw
2552,Draw
2553,Away
2554,Away
2555,Away
2556,Home
2557,Home
2558,Home
2559,Away
2560,Away
2561,Away
2562,Away
2563,Away
2564,Away
2565,Away
2566,Away
2567,Away
2568,Away
2569,Away
2570,Away
2571,Away
2572,Away
2573,Away
2574,Away
2575,Away
2576,Away
2577,Away
2578,Away
2579,Away
2580,Away
2581,Away
2582,Home
2583,Draw
2584,Home
2585,Draw
2586,Home
2587,Draw
2588,Draw
2589,Home
2590,Home
2591,Draw
2592,Away
2593,Draw
2594,Draw
2595,Home
2596,Draw
2597,Draw
2598,Draw
2599,Draw
2600,Draw
2601,Draw
2602,Draw
2603,Draw
2604,Draw
2605,Home
2606,Draw
2607,Draw
2608,Draw
2609,Home
2610,Draw
2611,Draw
2612,Home
2613,Home
2614,Home
2615,Away
2616,Home
2617,Away
2618,Away
2619,Away
2620,Away
2621,Away
2622,Home
2623,Home
2624,Home
2625,Home
2626,Home
2627,Home
2628,Home
2629,Away
2630,Away
2631,Draw
2632,Draw
2633,Draw
2634,Draw
2635,Home
2636,Home
2637,Home
2638,Away
2639,Away
2640,Away
2641,Away
2642,Home
2643,Home
2644,Home
2645,Home
2646,Home
2647,Home
2648,Home
2649,Home
2650,Home
2651,Home
2652,Away
2653,Draw
2654,Home
2655,Draw
2656,Draw
2657,Home
2658,Home
2659,Home
2660,Home
2661,Home
2662,Home
2663,Draw
2664,Home
2665,Home
2666,Home
2667,Draw
2668,Draw
2669,Home
2670,Home
2671,Home
2672,Home
2673,Home
2674,Home
2675,Home
2676,Home
2677,Home
2678,Home
2679,Home
2680,Home
2681,Draw
2682,Draw
2683,Draw
2684,Draw
2685,Draw
2686,Draw
2687,Away
2688,Away
2689,Home
2690,Home
2691,Away
2692,Away
2693,Away
2694,Away
2695,Home
2696,Home
2697,Home
2698,Home
2699,Draw
2700,Draw
2701,Away
2702,Away
2703,Away
2704,Home
2705,Home
2706,Home
2707,Home
2708,Home
2709,Home
2710,Away
2711,Away
2712,Home
2713,Home
2714,Home
2715,Away
2716,Away
2717,Draw
2718,Draw
2719,Away
2720,Away
2721,Away
2722,Away
2723,Away
2724,Home
2725,Home
2726,Home
2727,Away
2728,Away
2729,Away
2730,Away
2731,Away
2732,Away
2733,Home
2734,Home
2735,Home
2736,Home
2737,Home
2738,Home
2739,Away
2740,Draw
2741,Away
2742,Away
2743,Home
2744,Home
2745,Home
2746,Home
2747,Home
2748,Away
2749,Draw
2750,Draw
2751,Draw
2752,Home
2753,Home
2754,Home
2755,Away
2756,Away
2757,Away
2758,Away
2759,Home
2760,Draw
2761,Away
2762,Away
2763,Away
2764,Draw
2765,Away
2766,Away
2767,Away
2768,Away
2769,Draw
2770,Home
2771,Home
2772,Home
2773,Draw
2774,Draw
2775,Home
2776,Draw
2777,Home
2778,Draw
2779,Draw
2780,Away
2781,Home
2782,Draw
2783,Home
2784,Home
2785,Home
2786,Home
2787,Draw
2788,Away
2789,Away
2790,Away
2791,Home
2792,Home
2793,Home
2794,Home
2795,Home
2796,Home
2797,Away
2798,Draw
2799,Home
2800,Away
2801,Away
2802,Away
2803,Draw
2804,Draw
2805,Home
2806,Home
2807,Draw
2808,Away
2809,Away
2810,Away
2811,Draw
2812,Draw
2813,Away
2814,Draw
2815,Home
2816,Home
2817,Home
2818,Home
2819,Home
2820,Home
2821,Home
2822,Home
2823,Away
2824,Home
2825,Draw
2826,Draw
2827,Away
2828,Away
2829,Away
2830,Away
2831,Away
2832,Away
2833,Away
2834,Away
2835,Away
2836,Home
2837,Home
2838,Home
2839,Home
2840,Home
2841,Home
2842,Home
2843,Home
2844,Home
2845,Home
2846,Home
2847,Home
2848,Home
2849,Away
2850,Away
2851,Away
2852,Away
2853,Away
2854,Away
2855,Away
2856,Away
2857,Away
2858,Home
2859,Away
2860,Away
2861,Away
2862,Away
2863,Home
2864,Home
2865,Home
2866,Draw
2867,Draw
2868,Draw
2869,Home
2870,Home
2871,Home
2872,Home
2873,Home
2874,Home
2875,Home
2876,Draw
2877,Away
2878,Draw
2879,Draw
2880,Draw
2881,Home
2882,Home
2883,Home
2884,Home
2885,Home
2886,Home
2887,Home
2888,Home
2889,Home
2890,Home
2891,Home
2892,Home
2893,Home
2894,Home
2895,Home
2896,Home
2897,Home
2898,Home
2899,Home
2900,Away
2901,Away
2902,Home
2903,Away
2904,Draw
2905,Away
2906,Away
2907,Away
2908,Away
2909,Home
2910,Home
2911,Home
2912,Home
2913,Home
2914,Draw
2915,Away
2916,Away
2917,Away
2918,Away
2919,Away
2920,Away
2921,Away
2922,Home
2923,Home
2924,Home
2925,Home
2926,Home
2927,Home
2928,Home
2929,Home
2930,Home
2931,Home
2932,Home
2933,Draw
2934,Home
2935,Draw
2936,Draw
2937,Home
2938,Away
2939,Away
2940,Away
2941,Away
2942,Home
2943,Draw
2944,Home
2945,Home
2946,Home
2947,Home
2948,Home
2949,Home
2950,Home
2951,Home
2952,Away
2953,Away
2954,Away
2955,Away
2956,Away
2957,Away
2958,Away
2959,Away
2960,Away
2961,Away
2962,Home
2963,Home
2964,Home
2965,Draw
2966,Home
2967,Away
2968,Away
2969,Away
2970,Away
2971,Away
2972,Home
2973,Home
2974,Home
2975,Home
2976,Home
2977,Away
2978,Away
2979,Away
2980,Home
2981,Home
2982,Home
2983,Draw
2984,Home
2985,Home
2986,Home
2987,Home
2988,Home
2989,Draw
2990,Draw
2991,Draw
2992,Draw
2993,Away
2994,Home
2995,Draw
2996,Draw
2997,Home
2998,Home
2999,Home
3000,Home
3001,Home
3002,Home
3003,Home
3004,Home
3005,Home
3006,Home
3007,Home
3008,Home
3009,Home
3010,Away
3011,Draw
3012,Draw
3013,Away
3014,Away
3015,Away
3016,Away
3017,Away
3018,Home
3019,Home
3020,Draw
3021,Draw
3022,Home
3023,Draw
3024,Away
3025,Away
3026,Away
3027,Away
3028,Away
3029,Home
3030,Draw
3031,Draw
3032,Draw
3033,Away
3034,Home
3035,Draw
3036,Draw
3037,Draw
3038,Away
3039,Draw
3040,Draw
3041,Draw
3042,Draw
3043,Draw
3044,Draw
3045,Away
3046,Home
3047,Home
3048,Home
3049,Home
3050,Home
3051,Home
3052,Home
3053,Home
3054,Home
3055,Home
3056,Home
3057,Home
3058,Home
3059,Home
3060,Home
3061,Home
3062,Home
3063,Draw
3064,Draw
3065,Home
3066,Home
3067,Away
3068,Away
3069,Draw
3070,Home
3071,Home
3072,Home
3073,Home
3074,Home
3075,Home
3076,Away
3077,Away
3078,Away
3079,Home
3080,Home
3081,Home
3082,Home
3083,Home
3084,Home
3085,Home
3086,Home
3087,Home
3088,Home
3089,Home
3090,Home
3091,Home
3092,Draw
3093,Away
3094,Away
3095,Draw
3096,Draw
3097,Draw
3098,Away
3099,Draw
3100,Draw
3101,Draw
3102,Draw
3103,Draw
3104,Home
3105,Home
3106,Home
3107,Home
3108,Home
3109,Home
3110,Home
3111,Home
3112,Home
3113,Home
3114,Home
3115,Home
3116,Home
3117,Home
3118,Away
3119,Away
3120,Away
3121,Away
3122,Away
3123,Away
3124,Away
3125,Away
3126,Away
3127,Home
3128,Home
3129,Home
3130,Home
3131,Home
3132,Home
3133,Home
3134,Away
3135,Away
3136,Away
3137,Away
3138,Away
3139,Away
3140,Away
3141,Away
3142,Draw
3143,Home
3144,Home
3145,Home
3146,Home
3147,Home
3148,Home
3149,Home
3150,Home
3151,Home
3152,Away
3153,Home
3154,Home
3155,Home
3156,Away
3157,Away
3158,Away
3159,Away
3160,Draw
3161,Draw
3162,Home
3163,Draw
3164,Home
3165,Home
3166,Home
3167,Home
3168,Home
3169,Home
3170,Home
3171,Home
3172,Home
3173,Home
3174,Draw
3175,Away
3176,Draw
3177,Home
3178,Home
3179,Home
3180,Home
3181,Home
3182,Home
3183,Draw
3184,Away
3185,Away
3186,Away
3187,Away
3188,Away
3189,Away
3190,Away
3191,Away
3192,Away
3193,Away
3194,Away
3195,Home
3196,Home
3197,Home
3198,Home
3199,Home
3200,Home
3201,Home
3202,Home
3203,Home
3204,Draw
3205,Away
3206,Away
3207,Away
3208,Away
3209,Away
3210,Away
3211,Home
3212,Home
3213,Home
3214,Home
3215,Home
3216,Home
3217,Draw
3218,Away
3219,Home
3220,Draw
3221,Away
3222,Away
3223,Away
3224,Home
3225,Home
3226,Home
3227,Home
3228,Home
3229,Home
3230,Home
3231,Home
3232,Home
3233,Draw
3234,Away
3235,Away
3236,Away
3237,Away
3238,Away
3239,Away
3240,Away
3241,Away
3242,Home
3243,Home
3244,Home
3245,Home
3246,Away
3247,Away
3248,Away
3249,Away
3250,Away
3251,Away
3252,Away
3253,Home
3254,Away
3255,Away
3256,Away
3257,Away
3258,Away
3259,Away
3260,Draw
3261,Draw
3262,Draw
3263,Draw
3264,Home
3265,Home
3266,Home
3267,Draw
3268,Home
3269,Home
3270,Home
3271,Home
3272,Home
3273,Home
3274,Home
3275,Home
3276,Away
3277,Away
3278,Away
3279,Away
3280,Home
3281,Away
3282,Away
3283,Away
3284,Away
3285,Away
3286,Away
3287,Away
3288,Away
3289,Draw
3290,Draw
3291,Home
3292,Home
3293,Draw
3294,Home
3295,Draw
3296,Away
3297,Away
3298,Away
3299,Away
3300,Away
3301,Away
3302,Away
3303,Away
3304,Home
3305,Home
3306,Home
3307,Home
3308,Home
3309,Away
3310,Away
3311,Away
3312,Away
3313,Away
3314,Away
3315,Away
3316,Home
3317,Home
3318,Home
3319,Home
3320,Home
3321,Home
3322,Home
3323,Home
3324,Home
3325,Home
3326,Home
3327,Away
3328,Draw
3329,Home
3330,Home
3331,Home
3332,Home
3333,Home
3334,Home
3335,Home
3336,Away
3337,Away
3338,Away
3339,Away
3340,Away
3341,Away
3342,Draw
3343,Away
3344,Away
3345,Away
3346,Away
3347,Away
3348,Away
3349,Away
3350,Away
3351,Away
3352,Away
3353,Draw
3354,Away
3355,Away
3356,Away
3357,Away
3358,Away
3359,Home
3360,Home
3361,Home
3362,Home
3363,Home
3364,Home
3365,Home
3366,Home
3367,Home
3368,Home
3369,Home
3370,Home
3371,Home
3372,Home
3373,Away
3374,Away
3375,Away
3376,Away
3377,Away
3378,Away
3379,Home
3380,Home
3381,Home
3382,Home
3383,Home
3384,Home
3385,Home
3386,Away
3387,Home
3388,Away
3389,Draw
3390,Draw
3391,Draw
3392,Draw
3393,Draw
3394,Away
3395,Draw
3396,Away
3397,Home
3398,Home
3399,Home
3400,Home
3401,Draw
3402,Away
3403,Away
3404,Away
3405,Home
3406,Home
3407,Home
3408,Home
3409,Home
3410,Away
3411,Home
3412,Home
3413,Home
3414,Home
3415,Home
3416,Home
3417,Home
3418,Home
3419,Home
3420,Home
3421,Away
3422,Home
3423,Home
3424,Draw
3425,Home
3426,Home
3427,Away
3428,Away
3429,Away
3430,Away
3431,Draw
3432,Home
3433,Home
3434,Home
3435,Away
3436,Away
3437,Away
3438,Away
3439,Away
3440,Away
3441,Away
3442,Away
3443,Draw
3444,Draw
3445,Draw
3446,Draw
3447,Draw
3448,Home
3449,Home
3450,Home
3451,Draw
3452,Draw
3453,Draw
3454,Away
3455,Away
3456,Away
3457,Away
3458,Away
3459,Away
3460,Away
3461,Draw
3462,Draw
3463,Home
3464,Away
3465,Away
3466,Away
3467,Away
3468,Away
3469,Away
3470,Draw
3471,Home
3472,Home
3473,Home
3474,Home
3475,Home
3476,Home
3477,Home
3478,Home
3479,Home
3480,Home
3481,Home
3482,Draw
3483,Draw
3484,Home
3485,Away
3486,Home
3487,Home
3488,Draw
3489,Draw
3490,Away
3491,Away
3492,Away
3493,Away
3494,Away
3495,Draw
3496,Draw
3497,Home
3498,Away
3499,Home
3500,Away
3501,Away
3502,Away
3503,Away
3504,Home
3505,Home
3506,Home
3507,Home
3508,Home
3509,Home
3510,Home
3511,Draw
3512,Draw
3513,Draw
3514,Away
3515,Away
3516,Away
3517,Draw
3518,Home
3519,Home
3520,Home
3521,Home
3522,Home
3523,Home
3524,Home
3525,Home
3526,Home
3527,Home
3528,Home
3529,Home
3530,Home
3531,Home
3532,Home
3533,Home
3534,Home
3535,Away
3536,Away
3537,Away
3538,Away
3539,Away
3540,Home
3541,Home
3542,Home
3543,Home
3544,Home
3545,Home
3546,Away
3547,Away
3548,Away
3549,Away
3550,Away
3551,Home
3552,Home
3553,Away
3554,Home
3555,Home
3556,Home
3557,Home
3558,Home
3559,Home
3560,Home
3561,Home
3562,Home
3563,Home
3564,Home
3565,Home
3566,Home
3567,Home
3568,Home
3569,Home
3570,Home
3571,Away
3572,Home
3573,Away
3574,Away
3575,Away
3576,Away
3577,Away
3578,Home
3579,Away
3580,Away
3581,Away
3582,Away
3583,Away
3584,Draw
3585,Away
3586,Away
3587,Away
3588,Home
3589,Draw
3590,Draw
3591,Home
3592,Draw
3593,Home
3594,Home
3595,Home
3596,Home
3597,Home
3598,Home
3599,Home
3600,Home
3601,Away
3602,Draw
3603,Away
3604,Away
3605,Away
3606,Away
3607,Away
3608,Home
3609,Home
3610,Home
3611,Home
3612,Home
3613,Draw
3614,Home
3615,Home
3616,Draw
3617,Home
3618,Home
3619,Home
3620,Home
3621,Home
3622,Home
3623,Home
3624,Home
3625,Home
3626,Home
3627,Home
3628,Away
3629,Away
3630,Away
3631,Home
3632,Draw
3633,Away
3634,Away
3635,Away
3636,Draw
3637,Draw
3638,Away
3639,Away
3640,Home
3641,Home
3642,Home
3643,Home
3644,Home
3645,Home
3646,Home
3647,Home
3648,Home
3649,Home
3650,Home
3651,Home
3652,Home
3653,Home
3654,Away
3655,Away
3656,Away
3657,Away
3658,Away
3659,Away
3660,Away
3661,Home
3662,Home
3663,Home
3664,Home
3665,Home
3666,Home
3667,Home
3668,Away
3669,Home
3670,Away
3671,Away
3672,Home
3673,Draw
3674,Away
3675,Home
3676,Home
3677,Draw
3678,Away
3679,Away
3680,Away
3681,Home
3682,Home
3683,Away
3684,Away
3685,Away
3686,Away
3687,Away
3688,Away
3689,Away
3690,Away
3691,Away
3692,Away
3693,Away
3694,Draw
3695,Home
3696,Draw
3697,Home
3698,Home
3699,Draw
3700,Draw
3701,Draw
3702,Draw
3703,Draw
3704,Home
3705,Home
3706,Home
3707,Home
3708,Home
3709,Home
3710,Home
3711,Home
3712,Home
3713,Draw
3714,Draw
3715,Home
3716,Draw
3717,Home
3718,Home
3719,Home
3720,Draw
3721,Draw
3722,Draw
3723,Home
3724,Draw
3725,Draw
3726,Draw
3727,Draw
3728,Draw
3729,Draw
3730,Draw
3731,Draw
3732,Home
3733,Home
3734,Home
3735,Home
3736,Home
3737,Home
3738,Home
3739,Away
3740,Away
3741,Away
3742,Away
3743,Away
3744,Draw
3745,Home
3746,Draw
3747,Home
3748,Home
3749,Home
3750,Home
3751,Home
3752,Home
3753,Home
3754,Home
3755,Home
3756,Home
3757,Home
3758,Home
3759,Home
3760,Home
3761,Home
3762,Home
3763,Home
3764,Home
3765,Home
3766,Home
3767,Home
3768,Home
3769,Home
3770,Home
3771,Away
3772,Away
3773,Away
3774,Away
3775,Away
3776,Away
3777,Away
3778,Away
3779,Away
3780,Away
3781,Away
3782,Away
3783,Away
3784,Away
3785,Draw
3786,Draw
3787,Draw
3788,Draw
3789,Home
3790,Home
3791,Home
3792,Home
3793,Home
3794,Home
3795,Home
3796,Home
3797,Home
3798,Home
3799,Home
3800,Away
3801,Away
3802,Draw
3803,Home
3804,Home
3805,Home
3806,Home
3807,Away
3808,Away
3809,Draw
3810,Away
3811,Away
3812,Draw
3813,Home
3814,Home
3815,Home
3816,Home
3817,Home
3818,Draw
3819,Home
3820,Home
3821,Home
3822,Away
3823,Away
3824,Draw
3825,Away
3826,Draw
3827,Away
3828,Home
3829,Home
3830,Home
3831,Draw
3832,Away
3833,Away
3834,Away
3835,Home
3836,Home
3837,Home
3838,Home
3839,Home
3840,Away
3841,Away
3842,Draw
3843,Draw
3844,Draw
3845,Home
3846,Home
3847,Home
3848,Draw
3849,Home
3850,Home
3851,Home
3852,Home
3853,Home
3854,Home
3855,Home
3856,Home
3857,Home
3858,Away
3859,Away
3860,Away
3861,Away
3862,Away
3863,Away
3864,Away
3865,Away
3866,Away
3867,Draw
3868,Draw
3869,Away
3870,Away
3871,Away
3872,Home
3873,Home
3874,Away
3875,Away
3876,Away
3877,Away
3878,Away
3879,Away
3880,Away
3881,Away
3882,Away
3883,Away
3884,Away
3885,Away
3886,Away
3887,Away
3888,Away
3889,Away
3890,Home
3891,Home
3892,Home
3893,Home
3894,Home
3895,Home
3896,Home
3897,Home
3898,Home
3899,Draw
3900,Home
3901,Home
3902,Home
3903,Away
3904,Away
3905,Away
3906,Away
3907,Home
3908,Home
3909,Home
3910,Home
3911,Home
3912,Home
3913,Home
3914,Away
3915,Away
3916,Away
3917,Away
3918,Draw
3919,Away
3920,Home
3921,Home
3922,Home
3923,Home
3924,Home
3925,Home
3926,Draw
3927,Home
3928,Home
3929,Home
3930,Home
3931,Home
3932,Home
3933,Home
3934,Home
3935,Home
3936,Away
3937,Draw
3938,Draw
3939,Home
3940,Draw
3941,Draw
3942,Away
3943,Away
3944,Away
3945,Home
3946,Home
3947,Away
3948,Away
3949,Away
3950,Home
3951,Home
3952,Draw
3953,Home
3954,Draw
3955,Home
3956,Home
3957,Home
3958,Home
3959,Home
3960,Home
3961,Home
3962,Home
3963,Home
3964,Home
3965,Home
3966,Home
3967,Home
3968,Home
3969,Away
3970,Draw
3971,Home
3972,Home
3973,Home
3974,Home
3975,Home
3976,Home
3977,Home
3978,Home
3979,Home
3980,Home
3981,Away
3982,Away
3983,Away
3984,Away
3985,Away
3986,Away
3987,Home
3988,Home
3989,Home
3990,Draw
3991,Home
3992,Home
3993,Home
3994,Draw
3995,Draw
3996,Draw
3997,Away
3998,Away
3999,Away
4000,Draw
4001,Draw
4002,Draw
4003,Draw
4004,Home
4005,Draw
4006,Away
4007,Away
4008,Away
4009,Draw
4010,Away
4011,Away
4012,Draw
4013,Away
4014,Draw
4015,Draw
4016,Draw
4017,Draw
4018,Home
4019,Home
4020,Home
4021,Home
4022,Home
4023,Home
4024,Home
4025,Home
4026,Draw
4027,Draw
4028,Home
4029,Home
4030,Home
4031,Away
4032,Draw
4033,Away
4034,Away
4035,Away
4036,Away
4037,Home
4038,Away
4039,Home
4040,Home
4041,Home
4042,Draw
4043,Home
4044,Away
4045,Away
4046,Away
4047,Away
4048,Away
4049,Away
4050,Away
4051,Away
4052,Away
4053,Home
4054,Home
4055,Home
4056,Home
4057,Home
4058,Home
4059,Home
4060,Home
4061,Draw
4062,Home
4063,Home
4064,Home
4065,Home
4066,Home
4067,Home
4068,Home
4069,Away
4070,Away
4071,Away
4072,Away
4073,Away
4074,Away
4075,Away
4076,Away
4077,Away
4078,Away
4079,Away
4080,Away
4081,Away
4082,Away
4083,Away
4084,Away
4085,Away
4086,Away
4087,Away
4088,Away
4089,Away
4090,Away
4091,Away
4092,Home
4093,Draw
4094,Away
4095,Away
4096,Away
4097,Home
4098,Home
4099,Home
4100,Home
4101,Home
4102,Home
4103,Home
4104,Home
4105,Home
4106,Home
4107,Home
4108,Home
4109,Home
4110,Home
4111,Home
4112,Home
4113,Home
4114,Home
4115,Home
4116,Home
4117,Home
4118,Draw
4119,Away
4120,Draw
4121,Draw
4122,Away
4123,Draw
4124,Draw
4125,Away
4126,Home
4127,Home
4128,Home
4129,Home
4130,Home
4131,Home
4132,Home
4133,Home
4134,Home
4135,Home
4136,Away
4137,Away
4138,Away
4139,Away
4140,Away
4141,Away
4142,Home
4143,Home
4144,Home
4145,Home
4146,Home
4147,Away
4148,Away
4149,Away
4150,Away
4151,Away
4152,Away
4153,Away
4154,Away
4155,Away
4156,Away
4157,Away
4158,Away
4159,Away
4160,Away
4161,Away
4162,Away
4163,Away
4164,Away
4165,Draw
4166,Home
4167,Home
4168,Home
4169,Draw
4170,Away
4171,Away
4172,Away
4173,Home
4174,Home
4175,Home
4176,Draw
4177,Away
4178,Away
4179,Away
4180,Away
4181,Home
4182,Away
4183,Away
4184,Away
4185,Away
4186,Away
4187,Away
4188,Away
4189,Away
4190,Away
4191,Away
4192,Away
4193,Away
4194,Away
4195,Away
4196,Away
4197,Away
4198,Away
4199,Home
4200,Home
4201,Draw
4202,Home
4203,Away
4204,Away
4205,Away
4206,Away
4207,Away
4208,Away
4209,Away
4210,Away
4211,Away
4212,Away
4213,Away
4214,Home
4215,Home
4216,Home
4217,Home
4218,Home
4219,Away
4220,Home
4221,Draw
4222,Draw
4223,Home
4224,Home
4225,Home
4226,Home
4227,Home
4228,Home
4229,Home
4230,Home
4231,Home
4232,Home
4233,Home
4234,Draw
4235,Home
4236,Home
4237,Away
4238,Away
4239,Draw
4240,Away
4241,Away
4242,Home
4243,Home
4244,Home
4245,Home
4246,Home
4247,Home
4248,Home
4249,Home
4250,Home
4251,Home
4252,Home
4253,Away
4254,Away
4255,Away
4256,Draw
4257,Draw
4258,Draw
4259,Draw
4260,Away
4261,Away
4262,Away
4263,Away
4264,Away
4265,Away
4266,Away
4267,Away
4268,Home
4269,Home
4270,Away
4271,Away
4272,Away
4273,Away
4274,Away
4275,Draw
4276,Away
4277,Home
4278,Home
4279,Home
4280,Home
4281,Home
4282,Draw
4283,Home
4284,Away
4285,Away
4286,Away
4287,Away
4288,Away
4289,Away
4290,Away
4291,Away
4292,Away
4293,Away
4294,Home
4295,Draw
4296,Draw
4297,Away
4298,Away
4299,Away
4300,Home
4301,Away
4302,Draw
4303,Home
4304,Home
4305,Home
4306,Draw
4307,Home
4308,Home
4309,Home
4310,Home
4311,Home
4312,Away
4313,Draw
4314,Draw
4315,Draw
4316,Draw
4317,Home
4318,Home
4319,Home
4320,Home
4321,Home
4322,Home
4323,Home
4324,Draw
4325,Away
4326,Draw
4327,Home
4328,Home
4329,Home
4330,Draw
4331,Away
4332,Away
4333,Home
4334,Home
4335,Home
4336,Home
4337,Home
4338,Home
4339,Home
4340,Home
4341,Home
4342,Away
4343,Away
4344,Away
4345,Away
4346,Away
4347,Away
4348,Home
4349,Away
4350,Away
4351,Away
4352,Away
4353,Away
4354,Away
4355,Draw
4356,Home
4357,Home
4358,Home
4359,Home
4360,Home
4361,Draw
4362,Away
4363,Away
4364,Draw
4365,Draw
4366,Away
4367,Away
4368,Home
4369,Home
4370,Home
4371,Draw
4372,Draw
4373,Draw
4374,Home
4375,Home
4376,Home
4377,Away
4378,Away
4379,Away
4380,Home
4381,Away
4382,Away
4383,Away
4384,Away
4385,Away
4386,Home
4387,Home
4388,Home
4389,Home
4390,Home
4391,Draw
4392,Draw
4393,Draw
4394,Home
4395,Home
4396,Draw
4397,Home
4398,Home
4399,Away
4400,Home
4401,Home
4402,Draw
4403,Draw
4404,Draw
4405,Home
4406,Home
4407,Draw
4408,Home
4409,Home
4410,Home
4411,Draw
4412,Away
4413,Away
4414,Away
4415,Away
4416,Away
4417,Away
4418,Draw
4419,Away
4420,Draw
4421,Draw
4422,Home
4423,Draw
4424,Away
4425,Home
4426,Home
4427,Away
4428,Home
4429,Draw
4430,Home
4431,Home
4432,Home
4433,Home
4434,Home
4435,Draw
4436,Home
4437,Home
4438,Home
4439,Home
4440,Home
4441,Home
4442,Home
4443,Away
4444,Away
4445,Away
4446,Away
4447,Away
4448,Away
4449,Away
4450,Away
4451,Away
4452,Home
4453,Home
4454,Draw
4455,Home
4456,Home
4457,Draw
4458,Draw
4459,Draw
4460,Draw
4461,Draw
4462,Draw
4463,Draw
4464,Draw
4465,Away
4466,Away
4467,Away
4468,Away
4469,Away
4470,Away
4471,Draw
4472,Draw
4473,Draw
4474,Draw
4475,Draw
4476,Away
4477,Away
4478,Draw
4479,Draw
4480,Home
4481,Home
4482,Away
4483,Away
4484,Away
4485,Away
4486,Away
4487,Away
4488,Away
4489,Away
4490,Away
4491,Home
4492,Draw
4493,Draw
4494,Away
4495,Away
4496,Away
4497,Away
4498,Away
4499,Away
4500,Away
4501,Home
4502,Draw
4503,Draw
4504,Draw
4505,Home
4506,Home
4507,Draw
4508,Away
4509,Away
4510,Away
4511,Home
4512,Draw
4513,Draw
4514,Home
4515,Home
4516,Home
4517,Home
4518,Home
4519,Away
4520,Draw
4521,Away
4522,Away
4523,Draw
4524,Away
4525,Away
4526,Away
4527,Away
4528,Away
4529,Away
4530,Away
4531,Away
4532,Away
4533,Away
4534,Away
4535,Draw
4536,Home
4537,Home
4538,Home
4539,Home
4540,Home
4541,Draw
4542,Draw
4543,Home
4544,Home
4545,Home
4546,Home
4547,Home
4548,Home
4549,Home
4550,Home
4551,Home
4552,Home
4553,Home
4554,Home
4555,Home
4556,Home
4557,Home
4558,Home
4559,Home
4560,Away
4561,Home
4562,Draw
4563,Draw
4564,Draw
4565,Draw
4566,Away
4567,Away
4568,Home
4569,Home
4570,Home
4571,Home
4572,Home
4573,Home
4574,Home
4575,Home
4576,Home
4577,Home
4578,Away
4579,Away
4580,Away
4581,Home
4582,Away
4583,Away
4584,Away
4585,Away
4586,Draw
4587,Draw
4588,Draw
4589,Away
4590,Away
4591,Home
4592,Draw
4593,Home
4594,Home
4595,Home
4596,Away
4597,Away
4598,Away
4599,Away
4600,Away
4601,Away
4602,Away
4603,Draw
4604,Away
4605,Home
4606,Home
4607,Home
4608,Home
4609,Home
4610,Away
4611,Away
4612,Away
4613,Away
4614,Away
4615,Away
4616,Away
4617,Away
4618,Home
4619,Away
4620,Home
4621,Home
4622,Draw
4623,Draw
4624,Draw
4625,Draw
4626,Draw
4627,Away
4628,Away
4629,Away
4630,Home
4631,Home
4632,Home
4633,Home
4634,Away
4635,Away
4636,Home
4637,Home
4638,Home
4639,Home
4640,Home
4641,Home
4642,Draw
4643,Home
4644,Home
4645,Home
4646,Home
4647,Home
4648,Home
4649,Home
4650,Home
4651,Home
4652,Home
4653,Home
4654,Home
4655,Home
4656,Home
4657,Away
4658,Away
4659,Away
4660,Away
4661,Away
4662,Away
4663,Draw
4664,Draw
4665,Draw
4666,Away
4667,Away
4668,Away
4669,Away
4670,Home
4671,Home
4672,Home
4673,Home
4674,Home
4675,Home
4676,Draw
4677,Draw
4678,Home
4679,Home
4680,Home
4681,Home
4682,Home
4683,Home
4684,Home
4685,Home
4686,Home
4687,Away
4688,Away
4689,Away
4690,Away
4691,Away
4692,Home
4693,Home
4694,Home
4695,Home
4696,Home
4697,Home
4698,Home
4699,Home
4700,Home
4701,Home
4702,Home
4703,Home
4704,Home
4705,Away
4706,Away
4707,Away
4708,Away
4709,Away
4710,Away
4711,Away
4712,Home
4713,Home
4714,Home
4715,Home
4716,Home
4717,Home
4718,Home
4719,Away
4720,Home
4721,Draw
4722,Home
4723,Away
4724,Draw
4725,Draw
4726,Draw
4727,Away
4728,Away
4729,Away
4730,Home
4731,Home
4732,Home
4733,Home
4734,Away
4735,Away
4736,Away
4737,Draw
4738,Away
4739,Draw
4740,Draw
4741,Draw
4742,Draw
4743,Draw
4744,Away
4745,Away
4746,Away
4747,Away
4748,Away
4749,Away
4750,Away
4751,Draw
4752,Home
4753,Away
4754,Away
4755,Away
4756,Away
4757,Away
4758,Away
4759,Away
4760,Away
4761,Away
4762,Home
4763,Home
4764,Home
4765,Home
4766,Home
4767,Home
4768,Home
4769,Home
4770,Draw
4771,Draw
4772,Draw
4773,Draw
4774,Draw
4775,Draw
4776,Draw
4777,Home
4778,Home
4779,Home
4780,Home
4781,Home
4782,Home
4783,Home
4784,Draw
4785,Away
4786,Away
4787,Home
4788,Home
4789,Draw
4790,Away
4791,Home
4792,Away
4793,Home
4794,Draw
4795,Draw
4796,Draw
4797,Home
4798,Home
4799,Home
4800,Home
4801,Home
4802,Home
4803,Home
4804,Home
4805,Home
4806,Home
4807,Draw
4808,Away
4809,Away
4810,Away
4811,Away
4812,Away
4813,Home
4814,Home
4815,Home
4816,Home
4817,Home
4818,Home
4819,Home
4820,Home
4821,Draw
4822,Away
4823,Away
4824,Home
4825,Home
4826,Home
4827,Home
4828,Home
4829,Home
4830,Home
4831,Away
4832,Away
4833,Away
4834,Home
4835,Home
4836,Home
4837,Home
4838,Home
4839,Away
4840,Away
4841,Home
4842,Home
4843,Home
4844,Home
4845,Home
4846,Home
4847,Draw
4848,Draw
4849,Home
4850,Home
4851,Draw
4852,Home
4853,Home
4854,Home
4855,Home
4856,Home
4857,Home
4858,Home
4859,Home
4860,Home
4861,Home
4862,Home
4863,Draw
4864,Home
4865,Away
4866,Away
4867,Draw
4868,Draw
4869,Home
4870,Home
4871,Away
4872,Home
4873,Away
4874,Away
4875,Away
4876,Draw
4877,Home
4878,Home
4879,Home
4880,Draw
4881,Draw
4882,Home
4883,Home
4884,Home
4885,Home
4886,Draw
4887,Draw
4888,Draw
4889,Draw
4890,Away
4891,Away
4892,Away
4893,Away
4894,Away
4895,Draw
4896,Draw
4897,Home
4898,Draw
4899,Home
4900,Home
4901,Home
4902,Home
4903,Home
4904,Home
4905,Home
4906,Home
4907,Home
4908,Away
4909,Away
4910,Away
4911,Away
4912,Away
4913,Away
4914,Away
4915,Home
4916,Home
4917,Home
4918,Home
4919,Home
4920,Home
4921,Home
4922,Home
4923,Home
4924,Home
4925,Draw
4926,Draw
4927,Draw
4928,Draw
4929,Draw
4930,Away
4931,Away
4932,Away
4933,Home
4934,Away
4935,Away
4936,Home
4937,Home
4938,Home
4939,Home
4940,Away
4941,Draw
4942,Home
4943,Home
4944,Draw
4945,Home
4946,Home
4947,Home
4948,Away
4949,Away
4950,Away
4951,Away
4952,Away
4953,Away
4954,Away
4955,Away
4956,Draw
4957,Away
4958,Away
4959,Draw
4960,Away
4961,Away
4962,Away
4963,Home
4964,Away
4965,Home
4966,Home
4967,Draw
4968,Draw
4969,Draw
4970,Draw
4971,Home
4972,Away
4973,Home
4974,Home
4975,Home
4976,Home
4977,Draw
4978,Away
4979,Away
4980,Away
4981,Home
4982,Home
4983,Draw
4984,Draw
4985,Draw
4986,Home
4987,Away
4988,Home
4989,Draw
4990,Draw
4991,Draw
4992,Draw
4993,Away
4994,Home
4995,Draw
4996,Draw
4997,Home
4998,Home
4999,Home
5000,Draw
5001,Home
5002,Draw
5003,Draw
5004,Away
5005,Away
5006,Away
5007,Away
5008,Draw
5009,Draw
5010,Draw
5011,Draw
5012,Draw
5013,Home
5014,Home
5015,Home
5016,Home
5017,Home
5018,Home
5019,Home
5020,Home
5021,Home
5022,Draw
5023,Home
5024,Home
5025,Home
5026,Home
5027,Home
5028,Home
5029,Home
5030,Home
5031,Home
5032,Home
5033,Away
5034,Draw
5035,Draw
5036,Draw
5037,Away
5038,Away
5039,Away
5040,Draw
5041,Away
5042,Away
5043,Away
5044,Away
5045,Away
5046,Home
5047,Home
5048,Home
5049,Home
5050,Home
5051,Home
5052,Home
5053,Home
5054,Home
5055,Draw
5056,Draw
5057,Home
5058,Home
5059,Home
5060,Home
5061,Home
5062,Away
5063,Draw
5064,Draw
5065,Draw
5066,Home
5067,Home
5068,Home
5069,Home
5070,Draw
5071,Home
5072,Home
5073,Home
5074,Away
5075,Home
5076,Draw
5077,Draw
5078,Home
5079,Home
5080,Home
5081,Home
5082,Home
5083,Draw
5084,Draw
5085,Home
5086,Home
5087,Home
5088,Home
5089,Home
5090,Away
5091,Away
5092,Home
5093,Home
5094,Home
5095,Home
5096,Away
5097,Draw
5098,Draw
5099,Draw
5100,Draw
5101,Home
5102,Home
5103,Away
5104,Away
5105,Draw
5106,Away
5107,Away
5108,Draw
5109,Draw
5110,Draw
5111,Away
5112,Home
5113,Draw
5114,Home
5115,Home
5116,Home
5117,Home
5118,Home
5119,Draw
5120,Away
5121,Home
5122,Home
5123,Home
5124,Home
5125,Home
5126,Home
5127,Home
5128,Home
5129,Home
5130,Draw
5131,Home
5132,Home
5133,Away
5134,Away
5135,Away
5136,Away
5137,Away
5138,Away
5139,Away
5140,Home
5141,Home
5142,Away
5143,Away
5144,Home
5145,Home
5146,Home
5147,Home
5148,Home
5149,Home
5150,Home
5151,Home
5152,Home
5153,Home
5154,Home
5155,Home
5156,Home
5157,Home
5158,Home
5159,Draw
5160,Draw
5161,Home
5162,Draw
5163,Draw
5164,Draw
5165,Home
5166,Home
5167,Home
5168,Draw
5169,Draw
5170,Home
5171,Home
5172,Home
5173,Draw
5174,Draw
5175,Draw
5176,Draw
5177,Draw
5178,Draw
5179,Draw
5180,Home
5181,Home
5182,Draw
5183,Away
5184,Away
5185,Away
5186,Away
5187,Away
5188,Away
5189,Home
5190,Home
5191,Home
5192,Home
5193,Away
5194,Draw
5195,Draw
5196,Away
5197,Draw
5198,Home
5199,Home
5200,Home
5201,Away
5202,Away
5203,Away
5204,Away
5205,Away
5206,Home
5207,Home
5208,Home
5209,Home
5210,Home
5211,Home
5212,Home
5213,Home
5214,Home
5215,Home
5216,Home
5217,Draw
5218,Home
5219,Away
5220,Away
5221,Away
5222,Away
5223,Away
5224,Away
5225,Away
5226,Home
5227,Home
5228,Home
5229,Away
5230,Draw
5231,Draw
5232,Draw
5233,Away
5234,Away
5235,Home
5236,Away
5237,Away
5238,Away
5239,Away
5240,Away
5241,Away
5242,Home
5243,Home
5244,Home
5245,Home
5246,Home
5247,Home
5248,Home
5249,Home
5250,Home
5251,Home
5252,Home
5253,Draw
5254,Draw
5255,Draw
5256,Draw
5257,Draw
5258,Away
5259,Away
5260,Away
5261,Away
5262,Away
5263,Away
5264,Away
5265,Away
5266,Away
5267,Home
5268,Draw
5269,Home
5270,Home
5271,Home
5272,Away
5273,Away
5274,Away
5275,Away
5276,Away
5277,Away
5278,Away
5279,Away
5280,Away
5281,Away
5282,Away
5283,Away
5284,Away
5285,Away
5286,Away
5287,Away
5288,Away
5289,Away
5290,Away
5291,Away
5292,Away
5293,Away
5294,Away
5295,Away
5296,Away
5297,Away
5298,Away
5299,Home
5300,Draw
5301,Away
5302,Away
5303,Draw
5304,Home
5305,Home
5306,Away
5307,Away
5308,Away
5309,Away
5310,Away
5311,Away
5312,Away
5313,Away
5314,Away
5315,Away
5316,Draw
5317,Draw
5318,Home
5319,Home
5320,Home
5321,Home
5322,Draw
5323,Draw
5324,Draw
5325,Draw
5326,Home
5327,Home
5328,Away
5329,Home
5330,Home
5331,Home
5332,Home
5333,Home
5334,Home
5335,Away
5336,Away
5337,Away
5338,Away
5339,Away
5340,Home
5341,Home
5342,Away
5343,Away
5344,Draw
5345,Draw
5346,Draw
5347,Away
5348,Home
5349,Home
5350,Home
5351,Away
5352,Draw
5353,Draw
5354,Draw
5355,Home
5356,Home
5357,Home
5358,Home
5359,Home
5360,Home
5361,Home
5362,Home
5363,Home
5364,Home
5365,Home
5366,Home
5367,Home
5368,Home
5369,Home
5370,Home
5371,Home
5372,Home
5373,Home
5374,Home
5375,Home
5376,Home
5377,Home
5378,Draw
5379,Home
5380,Home
5381,Home
5382,Draw
5383,Draw
5384,Home
5385,Home
5386,Away
5387,Draw
5388,Away
5389,Away
5390,Away
5391,Away
5392,Away
5393,Away
5394,Away
5395,Away
5396,Away
5397,Draw
5398,Away
5399,Away
5400,Draw
5401,Away
5402,Home
5403,Home
5404,Home
5405,Home
5406,Home
5407,Home
5408,Draw
5409,Draw
5410,Draw
5411,Away
5412,Away
5413,Away
5414,Draw
5415,Home
5416,Draw
5417,Home
5418,Home
5419,Home
5420,Home
5421,Home
5422,Home
5423,Home
5424,Home
5425,Home
5426,Home
5427,Home
5428,Home
5429,Draw
5430,Draw
5431,Draw
5432,Home
5433,Home
5434,Home
5435,Home
5436,Home
5437,Home
5438,Away
5439,Away
5440,Away
5441,Away
5442,Away
5443,Draw
5444,Draw
5445,Draw
5446,Home
5447,Home
5448,Draw
5449,Home
5450,Home
5451,Draw
5452,Draw
5453,Home
5454,Away
5455,Away
5456,Away
5457,Away
5458,Draw
5459,Draw
5460,Draw
5461,Draw
5462,Home
5463,Home
5464,Home
5465,Draw
5466,Away
5467,Home
5468,Away
5469,Away
5470,Away
5471,Draw
5472,Draw
5473,Draw
5474,Draw
5475,Away
5476,Draw
5477,Draw
5478,Draw
5479,Home
5480,Home
5481,Home
5482,Home
5483,Home
5484,Home
5485,Draw
5486,Home
5487,Home
5488,Home
5489,Home
5490,Home
5491,Draw
5492,Draw
5493,Home
5494,Home
5495,Home
5496,Home
5497,Home
5498,Home
5499,Home
5500,Home
5501,Home
5502,Draw
5503,Draw
5504,Draw
5505,Home
5506,Home
5507,Home
5508,Home
5509,Draw
5510,Draw
5511,Draw
5512,Home
5513,Home
5514,Home
5515,Home
5516,Home
5517,Draw
5518,Draw
5519,Draw
5520,Draw
5521,Home
5522,Home
5523,Home
5524,Home
5525,Home
5526,Home
5527,Home
5528,Away
5529,Home
5530,Away
5531,Away
5532,Away
5533,Home
5534,Away
5535,Draw
5536,Home
5537,Home
5538,Home
5539,Home
5540,Home
5541,Home
5542,Home
5543,Home
5544,Home
5545,Home
5546,Home
5547,Home
5548,Home
5549,Home
5550,Home
5551,Away
5552,Away
5553,Away
5554,Away
5555,Home
5556,Away
5557,Away
5558,Away
5559,Away
5560,Away
5561,Draw
5562,Draw
5563,Draw
5564,Away
5565,Home
5566,Away
5567,Away
5568,Draw
5569,Away
5570,Away
5571,Draw
5572,Draw
5573,Draw
5574,Away
5575,Away
5576,Away
5577,Away
5578,Away
5579,Away
5580,Draw
5581,Draw
5582,Draw
5583,Away
5584,Away
5585,Away
5586,Away
5587,Away
5588,Away
5589,Away
5590,Draw
5591,Home
5592,Home
5593,Home
5594,Home
5595,Home
5596,Home
5597,Home
5598,Home
5599,Away
5600,Away
5601,Away
5602,Home
5603,Home
5604,Home
5605,Home
5606,Home
5607,Home
5608,Away
5609,Away
5610,Away
5611,Home
5612,Home
5613,Home
5614,Home
5615,Home
5616,Home
5617,Home
5618,Draw
5619,Draw
5620,Draw
5621,Away
5622,Home
5623,Home
5624,Away
5625,Away
5626,Away
5627,Away
5628,Away
5629,Away
5630,Away
5631,Away
5632,Away
5633,Away
5634,Away
5635,Away
5636,Away
5637,Away
5638,Away
5639,Home
5640,Away
5641,Away
5642,Draw
5643,Draw
5644,Draw
5645,Home
5646,Away
5647,Away
5648,Away
5649,Home
5650,Home
5651,Away
5652,Home
5653,Away
5654,Away
5655,Away
5656,Away
5657,Away
5658,Home
5659,Home
5660,Home
5661,Home
5662,Home
5663,Home
5664,Home
5665,Home
5666,Home
5667,Draw
5668,Home
5669,Home
5670,Draw
5671,Away
5672,Home
5673,Draw
5674,Draw
5675,Away
5676,Home
5677,Home
5678,Away
5679,Away
5680,Home
5681,Home
5682,Draw
5683,Home
5684,Home
5685,Home
5686,Home
5687,Draw
5688,Draw
5689,Draw
5690,Draw
5691,Draw
5692,Draw
5693,Home
5694,Draw
5695,Draw
5696,Away
5697,Away
5698,Away
5699,Away
5700,Away
5701,Draw
5702,Draw
5703,Home
5704,Home
5705,Home
5706,Home
5707,Home
5708,Home
5709,Draw
5710,Away
5711,Draw
5712,Away
5713,Away
5714,Away
5715,Away
5716,Away
5717,Draw
5718,Draw
5719,Home
5720,Home
5721,Away
5722,Home
5723,Home
5724,Draw
5725,Draw
5726,Draw
5727,Home
5728,Home
5729,Home
5730,Home
5731,Home
5732,Home
5733,Away
5734,Away
5735,Away
5736,Away
5737,Home
5738,Away
5739,Draw
5740,Home
5741,Home
5742,Home
5743,Home
5744,Draw
5745,Draw
5746,Away
5747,Away
5748,Away
5749,Away
5750,Away
5751,Away
5752,Home
5753,Home
5754,Home
5755,Home
5756,Draw
5757,Home
5758,Home
5759,Home
5760,Draw
5761,Away
5762,Away
5763,Draw
5764,Draw
5765,Away
5766,Away
5767,Away
5768,Home
5769,Home
5770,Home
5771,Away
5772,Draw
5773,Home
5774,Home
5775,Home
5776,Home
5777,Home
5778,Home
5779,Home
5780,Home
5781,Home
5782,Home
5783,Home
5784,Home
5785,Home
5786,Home
5787,Home
5788,Home
5789,Away
5790,Away
5791,Away
5792,Away
5793,Away
5794,Home
5795,Home
5796,Home
5797,Away
5798,Home
5799,Away
5800,Away
5801,Away
5802,Away
5803,Away
5804,Away
5805,Away
5806,Away
5807,Home
5808,Home
5809,Home
5810,Home
5811,Home
5812,Home
5813,Home
5814,Draw
5815,Draw
5816,Home
5817,Home
5818,Home
5819,Home
5820,Home
5821,Home
5822,Home
5823,Home
5824,Home
5825,Draw
5826,Away
5827,Away
5828,Away
5829,Away
5830,Away
5831,Away
5832,Away
5833,Draw
5834,Draw
5835,Draw
5836,Home
5837,Home
5838,Home
5839,Home
5840,Home
5841,Home
5842,Home
5843,Home
5844,Home
5845,Home
5846,Home
5847,Home
5848,Home
5849,Home
5850,Home
5851,Draw
5852,Home
5853,Home
5854,Draw
5855,Away
5856,Away
5857,Away
5858,Draw
5859,Away
5860,Away
5861,Away
5862,Away
5863,Away
5864,Home
5865,Home
5866,Home
5867,Away
5868,Away
5869,Home
5870,Home
5871,Home
5872,Away
5873,Away
5874,Home
5875,Home
5876,Home
5877,Home
5878,Home
5879,Home
5880,Home
5881,Home
5882,Home
5883,Home
5884,Home
5885,Home
5886,Home
5887,Home
5888,Home
5889,Home
5890,Home
5891,Home
5892,Home
5893,Home
5894,Home
5895,Home
5896,Home
5897,Home
5898,Home
5899,Home
5900,Home
5901,Home
